[
    {
        "timestamp": "2025-04-25T17:04:08.232345",
        "request": "/allocations/allocate?nodes=valga",
        "data": null
    },
    {
        "timestamp": "2025-04-25T17:04:08.598450",
        "request": "/allocations/set_variables/valga",
        "data": {
            "global": true,
            "loop": false,
            "variables": {
                "runtime": 59
            }
        }
    },
    {
        "timestamp": "2025-04-25T17:04:09.005891",
        "request": "/allocations/set_variables/valga",
        "data": {
            "global": false,
            "loop": true,
            "variables": {
                "kerne": [
                    1,
                    2,
                    3,
                    4,
                    5,
                    6,
                    7,
                    8,
                    9,
                    10
                ]
            }
        }
    },
    {
        "timestamp": "2025-04-25T17:04:09.415635",
        "request": "/nodes/image/valga",
        "data": {
            "image": "debian-buster"
        }
    },
    {
        "timestamp": "2025-04-25T17:04:10.150391",
        "request": "/nodes/reset/valga",
        "data": {
            "queued": false,
            "access_levels": [
                "all"
            ]
        }
    },
    {
        "timestamp": "2025-04-25T17:04:10.514722",
        "request": "/commands/launch?nodes=valga",
        "data": {
            "logging": true,
            "queued": true,
            "loop_variables": false,
            "loop_from": 0,
            "loop_to": null,
            "loop_only": [],
            "type": "execfile",
            "file": "BOxzhX>KoKVRL8-3L_w8cxiMXZ*CxEa&m8S3Ug(2AT4DI3JPUoXm21SC~$9cUuR`>Uv^<~X<=e)Wguv8b98QDZDlD63Sn?`AZc!MbYX04AaitbWpi^13JPUoXm21Vb7gdOa3ExFZe=G5",
            "id": "loadgen_setup_stress",
            "files": [
                "scripts/valga/2025-04-25_17-04-10_513072_loadgen_setup_stress.file"
            ]
        },
        "cmd_ids": [
            "2025-04-25_17-04-10_513072_loadgen_setup_stress"
        ]
    },
    {
        "timestamp": "2025-04-25T17:06:18.290587",
        "request": "/commands/await/2025-04-25_17-04-10_513072_loadgen_setup_stress",
        "data": null
    },
    {
        "timestamp": "2025-04-25T17:06:18.691110",
        "request": "/commands/launch?nodes=valga",
        "data": {
            "logging": true,
            "queued": true,
            "loop_variables": true,
            "loop_from": 0,
            "loop_to": null,
            "loop_only": [],
            "type": "execfile",
            "file": "BOxzhX>KoKVRL8-3L_w8cxiMXZ*CxEa&m8S3Ug(2AT4DI3L_wFZ)0I>Aa-GLX<=e)WpfI2Wpi|2ZeeX@JtA{-a%FRKEp%mbbRr6KY-MF|Uu1Q1VRUJ4ZeL<$W^Zz3Uvy=2bUiW(BOq*VZ*U-XVRC6<Vr*q|3TtI@Ze=|rC~$9cUuR`>Uv^<~X<=e)Wgu&1a&BcHEiGnpZ*47XZ*OoZ3L_wAY;R&=Y#?@Fa%o{=Y-Mu_a&>NWX>DaaBq(rib6;m=bYFI1a%o{=Y-J#Fb#8QNZDk-WEoO3WZ7pYPZ(?C=DGCZBAX9m6V`y@3ZfSaDAa`kWXdrKNXk~IBZf|5|a|&>8b6<0LZet2%V`y(6B2#o>a&&2KXCQQCb95jibY*jNUv6P-Wg-d+aBp*8Wo~71XL(<9bYXIIAT2FyZ*OoQEiGngY-Mg?ZDk-LZDnC|b#i5GWo~pL3JN12Qgv=1OmAUiM`dmxX>K5NXk{Q`VPk7&a&L8RWFU2OX>MmAaBp*8a&>MBBOq{Zb6;|GZXhi!Y;SLHAR=sUVPt1zZY?BqWpi|2ZeeX@A|Nd-AR=>ga%FRKA|N6yV<I3TBx_}IZe=10aBp*8a&>MXEiG(sZ*U+YY;R#?XJu|JBy?qSbYE^^ZDk@LEiE8oVRL98En^@eWq4&{AaitbWpi^NEn^@gYh`k7WgsndAS7~iZggpFWg-eAAaHMUUvhPBAR=sUVPt1zZY?BqWpi|2ZeeX@A|Nd-AR=>ga%FRKA|N6yV<I3TG$INLBOpy>VRLnIWo>0{bRckLa%pd53Uh2_WpE%OByx3bbZKp6A_@v4AZuxCY+-C{AaitbWpi^13L_v(X>4pDbZBKDaB^>BWpi^Nb97;HbY)~9cWHEJAaHMUUvhPB3L_wJZ*yO3X>4pDEiG(sZ*U+YY;R#?XJu|JBy?qSbYE^^ZDk?~BOq{Zb6;y|Y-}JRY;R#?XJu|JBy?qSbYE^^ZDk?~3L_v%Zf0+CZ6I`Ib95kNZ*FA@aBp*8b9ruK3T0zxZy+L5bZ>BQX>MmAbY*jNAZ%}8WM^e=EhKbhb97&BVQpn13JP#<b6;g{WpZbEUvqSCa0&`#V`y(6B0+3yAY^ZDWgtv%VPr>TZXhIdWpi|2ZeeX@A^",
            "id": "loadgen_exp_stress",
            "files": [
                "scripts/valga/2025-04-25_17-06-18_670272_loadgen_exp_stress_run00.file",
                "scripts/valga/2025-04-25_17-06-18_670272_loadgen_exp_stress_run01.file",
                "scripts/valga/2025-04-25_17-06-18_670272_loadgen_exp_stress_run02.file",
                "scripts/valga/2025-04-25_17-06-18_670272_loadgen_exp_stress_run03.file",
                "scripts/valga/2025-04-25_17-06-18_670272_loadgen_exp_stress_run04.file",
                "scripts/valga/2025-04-25_17-06-18_670272_loadgen_exp_stress_run05.file",
                "scripts/valga/2025-04-25_17-06-18_670272_loadgen_exp_stress_run06.file",
                "scripts/valga/2025-04-25_17-06-18_670272_loadgen_exp_stress_run07.file",
                "scripts/valga/2025-04-25_17-06-18_670272_loadgen_exp_stress_run08.file",
                "scripts/valga/2025-04-25_17-06-18_670272_loadgen_exp_stress_run09.file"
            ]
        },
        "cmd_ids": [
            "2025-04-25_17-06-18_670272_loadgen_exp_stress_run00",
            "2025-04-25_17-06-18_670272_loadgen_exp_stress_run01",
            "2025-04-25_17-06-18_670272_loadgen_exp_stress_run02",
            "2025-04-25_17-06-18_670272_loadgen_exp_stress_run03",
            "2025-04-25_17-06-18_670272_loadgen_exp_stress_run04",
            "2025-04-25_17-06-18_670272_loadgen_exp_stress_run05",
            "2025-04-25_17-06-18_670272_loadgen_exp_stress_run06",
            "2025-04-25_17-06-18_670272_loadgen_exp_stress_run07",
            "2025-04-25_17-06-18_670272_loadgen_exp_stress_run08",
            "2025-04-25_17-06-18_670272_loadgen_exp_stress_run09"
        ]
    }
]